n,density,lanes,repetition,drained,general_cpu_seconds,check_cpu_seconds,aligned_cpu_seconds
16,sparse,2,0,14,0.0,0.0,0.0
16,sparse,2,1,14,0.0,0.0,0.0
16,sparse,2,2,14,0.0,0.0,0.0
16,dense,8,0,15,0.0,0.0,0.0
16,dense,8,1,15,0.0,0.0,0.0
16,dense,8,2,15,0.0,0.0,0.0
32,sparse,2,0,29,0.0,0.0,0.0
32,sparse,2,1,29,0.0,0.0,0.0
32,sparse,2,2,29,0.003994496999999986,0.0,0.0
32,dense,8,0,31,0.0,0.0,0.0
32,dense,8,1,31,0.0,0.0,0.0
32,dense,8,2,31,0.0,0.0,0.003998373000000055
64,sparse,2,0,61,0.0,0.0,0.004000015999999995
64,sparse,2,1,61,0.0,0.0,0.0
64,sparse,2,2,61,0.004000735999999949,0.0,0.0
64,dense,8,0,63,0.0014163080000000328,0.0,0.004020826999999949
64,dense,8,1,63,0.0,0.003978754000000029,0.0
64,dense,8,2,63,0.0039997649999999885,0.0,0.0
128,sparse,2,0,125,0.004000486000000025,0.003998502999999931,0.004001057000000086
128,sparse,2,1,125,0.004001737999999921,0.003996520000000059,0.0039993849999999664
128,sparse,2,2,125,0.004000275999999969,0.004001027000000046,0.0
128,dense,8,0,127,0.007997867999999908,0.007998118000000165,0.004000695999999859
128,dense,8,1,127,0.007999599999999996,0.004000476999999947,0.004000386000000189
128,dense,8,2,127,0.011999133999999856,0.0039997650000000995,0.003999866000000019
256,sparse,2,0,255,0.020000186999999947,0.015998388999999946,0.007999370000000061
256,sparse,2,1,255,0.020000357000000024,0.01600797399999987,0.011993775999999956
256,sparse,2,2,255,0.019999537000000123,0.01599927000000001,0.0120001059999999
256,dense,8,0,256,0.02399865999999995,0.02400183499999997,0.015997508000000105
256,dense,8,1,256,0.027974940000000004,0.023999952000000047,0.01600583099999997
256,dense,8,2,256,0.027994880000000055,0.020000467000000022,0.020000497999999922
512,sparse,2,0,510,0.08398694400000006,0.07598628099999982,0.04798016500000002
512,sparse,2,1,510,0.08000371400000006,0.06399896400000005,0.047996649999999974
512,sparse,2,2,510,0.0799408290000001,0.06800088299999985,0.04799810200000021
512,dense,8,0,511,0.11598526399999987,0.09599422100000021,0.07999904599999974
512,dense,8,1,511,0.112000031,0.09599879700000002,0.07998050800000023
512,dense,8,2,511,0.11199617499999981,0.09596378399999983,0.07999355900000005
