claim_id,claim,main_location,proof,implementation,source_or_input,experiment_or_test,figure_or_table,raw_result,maturity,fresh_recheck,boundary
normal-form,Feasible drains are exactly source ideals containing mandatory capability/order closure and meeting independent residual capacities.,Section 3.1; Theorem 3.3,proofs/model.md Sections 1-2,src/contracts.py::_safe_admitted,finite model; P subset Q; all FIFO interleavings,exact n=0..4 permutation oracle,Table 3,results/campaign/exact-*.csv.gz,proved-in-written-model; implementation-finite-checked,"Written argument and linked evidence reread; deterministic executable evidence matched in a clean standalone reproduction on 2026-09-19. This is same-agent checking, not independent human or proof-assistant verification.",Sealed epoch; observable event identities; fixed lanes; source can realize every chosen Q-linear extension.
leastness-dichotomy,The maximal-exclusion intersection is a least cut iff feasible; otherwise two feasible cuts with an infeasible intersection exist.,Section 3.2; Theorem 3.4,proofs/model.md Section 3,src/general.py::analyze; verify_analysis,same fixed finite contract,exact and weighted oracle comparison,Table 3,results/campaign/exact-*.csv.gz; weighted.jsonl.gz,proved-in-written-model; implementation-finite-checked,"Written argument and linked evidence reread; deterministic executable evidence matched in a clean standalone reproduction on 2026-09-19. This is same-agent checking, not independent human or proof-assistant verification.",Generic monotone-ideal reasoning is acknowledged as standard; no minimum-cost solution when no least cut exists.
global-alignment,When each destination FIFO is a source chain the downward closure of forced roots/prefixes is least.,Section 4.1; Theorem 4.2,proofs/model.md Section 4,src/contracts.py::synthesize; verify,chain alignment plus independent lane capacities,245305 applicable exact instances,Figure 1; Table 3,results/campaign/exact-*.csv.gz,proved-in-written-model; implementation-finite-checked,"Written argument and linked evidence reread; deterministic executable evidence matched in a clean standalone reproduction on 2026-09-19. This is same-agent checking, not independent human or proof-assistant verification.",No pooled-memory substitution or lane-placement optimization.
capacity-universal,"After unavoidable capability/order work is removed, residual lane alignment is equivalent to leastness for all independent integer capacities.",Section 4.2; Theorem 4.3,proofs/model.md Section 5,src/robust.py::effectively_aligned; synthesize_effective; obstruction_capacity,"fixed P,Q,lanes,U and positive weights; unbounded nonnegative mathematical capacities",92597 fixed groups; weighted obstructions,Figures 1-2; Table 4,results/campaign/capacity-groups-*.csv.gz; weighted-obstructions.jsonl.gz,proved-in-written-model; quantifier-finite-checked,"Written argument and linked evidence reread; deterministic executable evidence matched in a clean standalone reproduction on 2026-09-19. This is same-agent checking, not independent human or proof-assistant verification.",Encoded-range necessity additionally requires representable full residual lane loads; counts are not workloads.
first-fork-example,"A diamond source with sizes 2,3,4,1 has two feasible drains at capacity 5 with infeasible intersection.",Section 4.2; Figure 2,proofs/model.md Section 5 worked example,src/general.py; src/robust.py,inputs/fork.json,Specified proof instance; not added to sampled campaign counts,Figure 2,inputs/fork.json; results/fork-example.json; results/final-extraction-check.json,proved-by-explicit-finite-calculation; clean-interface-checked,"Input, sizes, diagram edges, and sums checked against the proof; the clean standalone CLI produced and accepted the two-cut certificate and constructed capacity 5 on 2026-09-19. This is not an additional sampled campaign case.",The two cuts remove source ideals; destination P is empty.
encoder-boundary,Effective alignment always suffices but need not be necessary when all mathematical obstruction capacities exceed the scalar encoding.,Section 4.3,proofs/model.md Section 5,src/robust.py::obstruction_capacity,"three-event (M,M,M) join with M=2^63-1",tests/test_contracts.py::test_encoder_boundary_is_not_unbounded_theorem,none,test outcome in clean reproduction; exact constructive proof,proved-in-written-model; finite-control-checked,"Written argument and linked evidence reread; deterministic executable evidence matched in a clean standalone reproduction on 2026-09-19. This is same-agent checking, not independent human or proof-assistant verification.",Unbounded mathematical capacity and bounded input grammar are distinct domains.
certificate-theorem,Feasibility plus necessity explanations certifies a least cut; two safe cuts with a bad meet certify no least cut.,Section 5.1; Theorem 5.1,proofs/model.md Section 6,src/contracts.py::verify; src/general.py::verify_analysis,strict admitted input/certificate grammar,exact; weighted; forged-certificate controls,Table 2,results/campaign/mutation-controls.json; exact-*.csv.gz,proved-in-written-model; implementation-finite-checked,"Written argument and linked evidence reread; deterministic executable evidence matched in a clean standalone reproduction on 2026-09-19. This is same-agent checking, not independent human or proof-assistant verification.",Producer and validator share a pure safety helper; the permutation oracle is separately implemented.
checking-complexity,General diagnosis uses O(n^3+kn^2) relation/arithmetic operations; aligned construction and direct validation O(n^2+kn).,Section 5.2,proofs/model.md Section 6,src/general.py; src/contracts.py,"n,k<=512 encoder; n-bit masks; sums of at most 63+ceil(log2(max(1,n))) bits",loop/encoding inspection; synthetic scaling,none,results/campaign/scaling.csv,proved-operation-bound; Python-cost-measured,"Written argument and linked evidence reread; deterministic executable evidence matched in a clean standalone reproduction on 2026-09-19. This is same-agent checking, not independent human or proof-assistant verification.",Not a constant-bit or physical-latency bound; no exponential schedules in the checker.
arithmetic-state-identities,Native/wide/split arithmetic and checked canonical serialization implement the stated register/carry semantics.,Sections 5.3-5.4,proofs/model.md Section 8,src/semantics.py,COPY XOR ADD ADC; two registers plus carry per context,"exhaustive widths 1..6 plus widths 8,9,16 serialization boundaries",none,results/campaign/arithmetic-domain.json; arithmetic.json,proved-by-algebra; bounded-implementation-finite-checked,"Written argument and linked evidence reread; deterministic executable evidence matched in a clean standalone reproduction on 2026-09-19. This is same-agent checking, not independent human or proof-assistant verification.","Fixed declared templates, not arbitrary ISA translation; carry must use the virtual width."
trace-composition,Accepted cuts with exact operations/state and atomic single ownership preserve finite architectural trace inclusion.,Section 5.5; Theorem 5.2,proofs/model.md Section 9,src/simulator.py; src/semantics.py,inputs/epochs.json,256 bounded generated epochs; per-step and final-state comparisons,Table 2,results/campaign/episodes.jsonl.gz; episodes.json,conditional-written-proof; finite-experiment,"Written argument and linked evidence reread; deterministic executable evidence matched in a clean standalone reproduction on 2026-09-19. This is same-agent checking, not independent human or proof-assistant verification.","Atomic transfer/front-end honesty are assumed; not a distributed protocol, commercial ISA proof or trace equivalence."
progress-bound,"With at most beta consecutive migrations and eventual enabled completion, N pending events incur at most beta*N transfers before completion.",Section 5.7,proofs/model.md Section 9,src/mutations.py migration-only control,mathematical progress assumptions; repeatable silent transfers,migration-only-nonprogress control,none,results/campaign/mutation-controls.json,conditional-written-proof; counterexample-prefix-checked,"Written argument and linked evidence reread; deterministic executable evidence matched in a clean standalone reproduction on 2026-09-19. This is same-agent checking, not independent human or proof-assistant verification.",Safety does not imply progress; empty-epoch transfers excluded; no physical-time bound.
pooled-capacity-boundary,Two singleton source-chain lanes under one pooled slot can lack a least cut.,Section 7.4,proofs/model.md Section 7 Counterexample B,none; direct finite proof,two independent events; total retained capacity one,explicit two-cut calculation,none,written case in proofs/model.md,proved-by-explicit-counterexample,"Written argument and linked evidence reread; deterministic executable evidence matched in a clean standalone reproduction on 2026-09-19. This is same-agent checking, not independent human or proof-assistant verification.","The implementation models independent lane capacities, not a pooled allocator."
weighted-choice-hardness,Minimum-cost feasible-cut decision contains PARTITION in the unbounded binary-weight family.,Section 7.3; Theorem 7.1,proofs/model.md Section 7 Proposition 1,none; polynomial reduction,PARTITION; sizes=costs; capacity and budget=half total,written reduction and membership argument,none,proofs/model.md Section 7,proved-by-written-reduction,"Written argument and linked evidence reread; deterministic executable evidence matched in a clean standalone reproduction on 2026-09-19. This is same-agent checking, not independent human or proof-assistant verification.","Familiar weak NP-hardness boundary, not new generic hardness or an asymptotic claim about the fixed 512-event encoder."
exact-evidence,"737009 exact unit-size instances: 712957 least, 24052 no least, with zero oracle, production-certificate, or independent-validator failures.",Section 6.2,not a general-proof substitute,src/experiment.py; src/oracle.py,all declared naturally numbered n<=4 orders and two-lane unit-capacity instances,Complete labeled domain n=0..4; analyzer versus prefix/interleaving oracle; production checker; primitive-field independent validator,Table 3,results/summary/summary.json; results/campaign/exact-*.csv.gz,finite-checked; clean-executable-rechecked,"All 737,009 raw exact rows and summaries reproduced from a clean standalone artifact tree on 2026-09-19; every discrepancy and certificate-failure counter remained zero.","Labeled mathematical input domain, not deployed processor configurations; trace counter short-circuits."
structural-baselines,"On the exact domain, capability-only is unsafe on 267802 instances, capability+order without capacity is unsafe on 231824, and least certificates select 454566 fewer source completions than drain-all over least cases.",Section 6.2; Table 4,not a general theorem; exact finite aggregation,src/experiment.py; src/aggregate.py,same complete n=0..4 exact domain as exact-evidence,raw-row aggregation and clean standalone reconciliation,Table 4,results/summary/summary.json; results/summary/exact-by-n.csv; results/campaign/exact-*.csv.gz,finite-checked; clean-executable-rechecked,"Written argument and linked evidence reread; deterministic executable evidence matched in a clean standalone reproduction on 2026-09-19. This is same-agent checking, not independent human or proof-assistant verification.","Unsafe rates are mathematical-domain frequencies; event differences are not latency, energy, eliminated work, or speedup."
capacity-group-evidence,"92597 complete fixed-contract groups: 81815 robust, 10782 constructive obstructions; 655587 effectively aligned capacity instances.",Section 6.3,supports implementation of Theorem 4.3 only in enumerated domain,src/capacity_audit.py,complete unit-capacity grouping of exact campaign,full per-group capacity coverage checked,Table 5,results/summary/capacity-groups-by-n.csv; campaign/capacity-groups-*.csv.gz,finite-checked; clean-executable-rechecked,"Written argument and linked evidence reread; deterministic executable evidence matched in a clean standalone reproduction on 2026-09-19. This is same-agent checking, not independent human or proof-assistant verification.",Robust groups and individual least-capacity instances are different counts/quantifiers.
weighted-evidence,"A complete weighted microdomain has 11465 fixed contracts and 100973 capacity instances (98875 least, 2098 no least; 10529 robust, 936 obstructed) with zero disagreements; a frozen 512-case larger set has 489 least, 23 no least, and 103 constructed obstructions.",Section 6.3,none; finite evidence,src/experiment.py; src/capacity_audit.py,src/weighted_exhaustive.py; inputs/weighted.json; src/capacity_audit.py,"Complete n=0..3 two-lane sizes-{1,2} domain plus 512 frozen five-event weighted cases and obstruction construction",none,results/campaign/weighted-exhaustive.json; results/campaign/weighted-exhaustive-groups.csv.gz; results/campaign/weighted.jsonl.gz; results/campaign/weighted-obstructions.jsonl.gz,finite-checked; clean-executable-rechecked,"Complete weighted rows, grouped classifications, frozen weighted rows, and obstruction certificates matched in the clean reproduction on 2026-09-19.","Weighted sample is synthetic; 8360 versus 9527 is selected source work on least cases, not speedup."
adapter-evidence,"131040 adapter comparisons, 21840 small-width round trips and 192 multibyte boundaries have no mismatch.",Section 6.4,general identities separately in Section 5,src/experiment.py; src/semantics.py,exact arithmetic domain in retained JSON,arithmetic and serialization campaign,none,results/campaign/arithmetic.json; arithmetic-domain.json,finite-checked; clean-executable-rechecked,"Written argument and linked evidence reread; deterministic executable evidence matched in a clean standalone reproduction on 2026-09-19. This is same-agent checking, not independent human or proof-assistant verification.",Small-width exhaustion does not prove arbitrary program or physical ALU correctness.
migration-evidence,256 epochs produce 4088 completions and 631 transfers with zero recorded value/order/identity/state discrepancies.,Section 6.4,composition proof is separate,src/simulator.py; src/experiment.py,inputs/epochs.json,bounded generated scheduling; 221 multi-transfer epochs,none,results/campaign/episodes.jsonl.gz; episodes.json,measured-on-synthetic-model; clean-executable-rechecked,"Written argument and linked evidence reread; deterministic executable evidence matched in a clean standalone reproduction on 2026-09-19. This is same-agent checking, not independent human or proof-assistant verification.","Not exhaustive scheduling, device execution, latency or application evidence."
controls,31 declared positive/negative controls match expected outcomes; the current 30 unit tests pass.,Section 6.5,boundaries appear in proofs/model.md,src/mutations.py; tests/test_contracts.py; tests/test_portable_controls.py,retained controls and fixed unit cases,"31 mutation/boundary controls; 30 current unit tests including independent-validator, complete two-event weighted, evidence-ledger integrity, and portable finite-function imports",none,results/campaign/mutation-controls.json; mutations.json; clean-reproduction-resources.json; tests/test_portable_controls.py,finite-checked; portable-controls-rechecked,All 31 declared controls and the then-current tests passed in the 2026-09-19 clean reproduction; all 29 tests passed after the independent-list validation repair on 2026-09-25. On 2026-10-06 all 30 current tests and 31 controls passed on Windows; this is not a fresh POSIX reproduction or GitHub run.,Not a measured mutation-coverage percentage or independent review; historical Linux records retain their original test counts.
structural-cost,Synthetic one-worker Python structural checks measured through 512 events; retained maximum n medians reported separately by shape.,Section 6.6,operation bounds in Section 5.2,src/experiment.py scaling suite,16..512 events; sparse two-lane and dense eight-lane shapes; 3 repeats,36 observed timing rows,none,results/campaign/scaling.csv; results/summary/summary.json; results/campaign/scaling-environment.json,measured; correctness-fields-rechecked,"The 2026-09-19 clean reproduction retained the raw timing rows. On 2026-09-25, CSV medians were recomputed, matched the summary, and were bound to manuscript macros at build time; unrecorded host/runtime identity fields remain explicitly unknown rather than backfilled.","Zero CPU intervals unresolved; shape confounds lane count with density; three repetitions do not characterize tails; historical CPU/architecture, Python, OS, container/virtualization and clock-resolution fields are unknown; timings are not device migration costs or cross-machine comparisons."
lineage,The source x86-to-Raw virtual architecture assumes homogeneous role-emulating tiles; its hardware evidence is not inherited here.,Sections 1 and 7.1,none,none,external_resources.csv wentzlaff2006; source Section 2.3 and evaluation,passage-level scholarly comparison,none,bibliographic/source locators in external_resources.csv,full-source-verified; calibration-complete,"The full 2006 source, its homogeneous-role assumption, and the exact inherited/non-inherited boundary were rechecked in the completed literature matrix on 2026-09-19.",Does not establish novelty of the proposed departure.
closest-work-boundary,"Ordering shims, common state representations, explicit equivalence points and general lattice/refinement methods already have prior work.",Section 7,none,none,literature_matrix.csv; reference_audit.csv; external_resources.csv; cited scholarly sources,22 full-paper calibration rows plus a 36-entry cited-reference metadata/role audit,none,literature_matrix.csv; reference_audit.csv; external_resources.csv; paper bibliography,full-paper-calibration-complete; source-verified-for-cited-passages,"All 22 prescribed full-paper calibration rows and all 36 cited bibliography keys were rechecked for identifier, manuscript role, and exact delta on 2026-09-19. This is not an exhaustive priority search or independent novelty opinion.","Calibration supports a precise retained delta but cannot guarantee priority, significance, or acceptance."
literature-calibration,The prescribed 12 TACO + 5 influential/award + 5 adjacent-venue full-paper calibration is complete; the manuscript separately contains 36 cited scholarly references with a key-by-key metadata and role audit.,Sections 1 and 7; research-plan.md,not a mathematical proof; structured scholarly comparison,literature_matrix.csv schema and completeness checks,literature_matrix.csv; reference_audit.csv; external_resources.csv,22-row quota/schema audit; 36-key bibliography/audit/citation inventory check,none,literature_matrix.csv; reference_audit.csv; paper/references.bib; paper/main.bbl,calibration-complete; no-priority-guarantee,"Quotas, unique identifiers, full-text calibration fields, bibliography keys, and citation coverage were rechecked on 2026-09-19; every bibliography entry is cited. This is same-agent synthesis, not independent peer review.","Does not prove exhaustive novelty, practical significance, reviewer agreement, or acceptance."
clean-reproduction,"All deterministic scientific summaries, 737009 exact raw rows, weighted-exhaustive outputs, capacity groups, traces, controls, arithmetic fields, and non-timing scaling fields matched in a clean local executable reproduction.",Section 6.7,not a proof of the interpreter or general mathematics,reproduce.py; src/aggregate.py,retained exact inputs and source; no network or private data,"61 clean invocations: complete nonoverlapping exact chunks, all remaining suites, 29 unit tests, documented interface checks, and deterministic reconciliation",none,results/clean-reproduction.json; results/clean-reproduction-resources.json; results/clean-reproduction-invocations.jsonl; results/clean-reproduction-scaling.csv; results/clean-reproduction-scaling-environment.json,clean-executable-rechecked,"Initial clean-extraction reconciliation was rechecked on 2026-09-19. Post-repair clean reproduction and reconciliation completed on 2026-09-25 with 61 bounded invocations, 232.598964 CPU seconds, 206.606188 wall seconds, one worker, and 243240 KiB peak child RSS. Exact n=4 used 40 nonoverlapping single-index chunks; current scaling observations have a matched environment and do not replace the retained manuscript timings.",Machine timing/RSS equality not required; no byte-identical PDF or general portability claim.
external-use-readiness,"The internal scientific packet is complete under its model, but external submission remains contingent on accountable human rule, authorship, originality, and AI-use verification.",research-plan.md; CURRENT-STATE.md; paper/README.md,not applicable,paper/build.py verifies official acmart 2.20; publisher files are not redistributed,current associated ACM policy pages; live TACO guide attempted but automated access returned HTTP 403,"anonymous metadata, page-count, package-structure, and publisher-asset audit",none,CURRENT-STATE.md,internal-science-complete; external-use-hold,"Rechecked on 2026-09-19. The live TACO and central ACM rule pages remained inaccessible to automated retrieval, so this external-use hold cannot be discharged by additional synthetic experiments.","Not a submission, policy opinion, authorship certification, or acceptance claim."
