resource_id,name,scholarly_or_official_url,readable_or_acquisition_url,license,access_date,resource_type,acquisition_method,integration_mode,supported_claim,locator_and_read_extent,internals_modified
t1,A Step toward Stateful HW-SW Migration: An Architecture-agnostic Checkpointing-rollback Toolchain,https://doi.org/10.1145/3798281,https://doi.org/10.1145/3798281,Cited/analyzed only; no paper bytes redistributed; copyright remains with the rightsholder unless the source page states an open license.,2026-09-19,Research paper; calibration quota same-venue,Published PDF and independent scholarly/institutional records were checked; the full DOI is 10.1145/3798281. A truncated index entry was not treated as authoritative.,"Literature calibration and, where relevance requires, manuscript citation; no executable internals modified or integrated.",Supplies concrete state-equivalence machinery that this project assumes. It does not characterize least pending-work drains under fixed FIFO capacities.,"Complete 26-page text; architecture, Sections 4.1-4.2, figures, evaluation, limitations.",No
t2,Maximizing Heterogeneous Processor Performance under Power Constraints,https://doi.org/10.1145/2976739,https://users.elis.ugent.be/~leeckhou/papers/taco16-mutaz.pdf,Cited/analyzed only; no paper bytes redistributed; copyright remains with the rightsholder unless the source page states an open license.,2026-09-15,Research paper; calibration quota same-venue,"Web primary-source, institutional repository, publisher, or author-posted full text; read in the research environment.","Literature calibration and, where relevance requires, manuscript citation; no executable internals modified or integrated.",Shows that real objectives couple time and power; supports the warning that set inclusion/event counts are not migration latency or energy.,Complete 23-page paper including methodology and evaluation.,No
t3,CODA: Enabling Co-location of Computation and Data for Multiple GPU Systems,https://doi.org/10.1145/3232521,https://ramyadhadidi.github.io/files/coda-taco18.pdf,Cited/analyzed only; no paper bytes redistributed; copyright remains with the rightsholder unless the source page states an open license.,2026-09-15,Research paper; calibration quota same-venue,"Web primary-source, institutional repository, publisher, or author-posted full text; read in the research environment.","Literature calibration and, where relevance requires, manuscript citation; no executable internals modified or integrated.",Demonstrates the venue expectation for mechanism-to-system evidence. It does not analyze source-drain leastness or fixed FIFO certificates.,"Complete 23-page paper; design, methodology, figures, evaluation.",No
t4,Understanding Fundamental Design Choices in Single-ISA Heterogeneous Multicore Architectures,https://doi.org/10.1145/2400682.2400691,https://users.elis.ugent.be/~leeckhou/papers/taco13_2.pdf,Cited/analyzed only; no paper bytes redistributed; copyright remains with the rightsholder unless the source page states an open license.,2026-09-15,Research paper; calibration quota same-venue,"Web primary-source, institutional repository, publisher, or author-posted full text; read in the research environment.","Literature calibration and, where relevance requires, manuscript citation; no executable internals modified or integrated.","Addresses architectural selection/performance, not the pending-work cut for a destination already selected.","Complete 23-page paper including model, validation, figures, conclusion.",No
t5,MInGLE: An Efficient Framework for Domain Acceleration Using Low-Power Specialized Functional Units,https://doi.org/10.1145/2898356,https://users.elis.ugent.be/~leeckhou/papers/taco16-cecilia.pdf,Cited/analyzed only; no paper bytes redistributed; copyright remains with the rightsholder unless the source page states an open license.,2026-09-15,Research paper; calibration quota same-venue,"Web primary-source, institutional repository, publisher, or author-posted full text; read in the research environment.","Literature calibration and, where relevance requires, manuscript citation; no executable internals modified or integrated.",Shows venue-level system evidence for capability mechanisms. This work instead fixes capabilities and proves a cut property.,Complete 26-page paper including figures and evaluation.,No
t6,Performance Portability Across Heterogeneous SoCs Using a Generalized Library-Based Approach,https://doi.org/10.1145/2608253,https://users.elis.ugent.be/~leeckhou/papers/taco2015-fang.pdf,Cited/analyzed only; no paper bytes redistributed; copyright remains with the rightsholder unless the source page states an open license.,2026-09-15,Research paper; calibration quota same-venue,"Web primary-source, institutional repository, publisher, or author-posted full text; read in the research environment.","Literature calibration and, where relevance requires, manuscript citation; no executable internals modified or integrated.",Abstracts accelerator choice and parameters; the drain theorem assumes those choices are fixed and does not promise performance portability.,Complete 25-page paper.,No
t7,An Evaluation of High-Level Mechanistic Core Models,https://doi.org/10.1145/2629677,https://users.elis.ugent.be/~leeckhou/papers/taco2014-carlson.pdf,Cited/analyzed only; no paper bytes redistributed; copyright remains with the rightsholder unless the source page states an open license.,2026-09-15,Research paper; calibration quota same-venue,"Web primary-source, institutional repository, publisher, or author-posted full text; read in the research environment.","Literature calibration and, where relevance requires, manuscript citation; no executable internals modified or integrated.",Calibrates how bounded models must separate exact mathematical claims from hardware prediction; this project makes no processor-performance model.,Complete article including validation and conclusion.,No
t8,"The Forward Slice Core: A High-Performance, Yet Low-Complexity Microarchitecture",https://doi.org/10.1145/3499424,https://users.elis.ugent.be/~leeckhou/papers/taco2022-FSC.pdf,Cited/analyzed only; no paper bytes redistributed; copyright remains with the rightsholder unless the source page states an open license.,2026-09-15,Research paper; calibration quota same-venue,"Web primary-source, institutional repository, publisher, or author-posted full text; read in the research environment.","Literature calibration and, where relevance requires, manuscript citation; no executable internals modified or integrated.",Illustrates the venue bar for concrete microarchitecture claims; this paper retains a narrower formal contract and explicitly excludes performance claims.,Complete 25-page paper.,No
t9,Mechanistic Analytical Modeling of Superscalar In-Order Processor Performance,https://doi.org/10.1145/2678277,https://users.elis.ugent.be/~leeckhou/papers/taco2015-breughe.pdf,Cited/analyzed only; no paper bytes redistributed; copyright remains with the rightsholder unless the source page states an open license.,2026-09-15,Research paper; calibration quota same-venue,"Web primary-source, institutional repository, publisher, or author-posted full text; read in the research environment.","Literature calibration and, where relevance requires, manuscript citation; no executable internals modified or integrated.",Supports clear separation of structural checker cost from hardware timing; no shared theorem.,Complete 26-page article.,No
t10,Cross-Component Energy Management: Joint Adaptation of Processor and Memory,https://doi.org/10.1145/1275937.1275938,https://rsim.cs.illinois.edu/Pubs/07TACO.pdf,Cited/analyzed only; no paper bytes redistributed; copyright remains with the rightsholder unless the source page states an open license.,2026-09-15,Research paper; calibration quota same-venue,"Web primary-source, institutional repository, publisher, or author-posted full text; read in the research environment.","Literature calibration and, where relevance requires, manuscript citation; no executable internals modified or integrated.",Reinforces that real objective composition needs measured component behavior; least drains only optimize inclusion-monotone set costs.,Complete article including algorithm and evaluation.,No
t11,A Case for Fine-grain Coherence Specialization in Heterogeneous Systems,https://doi.org/10.1145/3530819,https://hdl.handle.net/1721.1/146376,Cited/analyzed only; no paper bytes redistributed; copyright remains with the rightsholder unless the source page states an open license.,2026-09-15,Research paper; calibration quota same-venue,"Web primary-source, institutional repository, publisher, or author-posted full text; read in the research environment.","Literature calibration and, where relevance requires, manuscript citation; no executable internals modified or integrated.",Changes destination coherence mechanisms; this project instead freezes destination FIFO semantics and chooses a source cut.,Complete 26-page final paper.,No
t12,Characterizing Multi-Chip GPU Data Sharing,https://doi.org/10.1145/3629521,https://biblio.ugent.be/publication/01HQ0ZA2ZTM7GQ6RTY4JA8Z0GB,Cited/analyzed only; no paper bytes redistributed; copyright remains with the rightsholder unless the source page states an open license.,2026-09-15,Research paper; calibration quota same-venue,"Web primary-source, institutional repository, publisher, or author-posted full text; read in the research environment.","Literature calibration and, where relevance requires, manuscript citation; no executable internals modified or integrated.",A characterization paper can be venue-native when evidence is broad; the present paper instead makes an exact formal claim and avoids workload-generalization language.,Complete 25-page accepted manuscript.,No
i1,DeNovo: Rethinking the Memory Hierarchy for Disciplined Parallelism,https://doi.org/10.1109/PACT.2011.21,https://doi.org/10.1109/PACT.2011.21,Cited/analyzed only; no paper bytes redistributed; copyright remains with the rightsholder unless the source page states an open license.,2026-09-15,Research paper; calibration quota influential-or-award,"Web primary-source, institutional repository, publisher, or author-posted full text; read in the research environment.","Literature calibration and, where relevance requires, manuscript citation; no executable internals modified or integrated.","Calibrates strong principle-plus-mechanism argumentation. It addresses coherence redesign, not least FIFO drain cuts.",Complete 12-page paper.,No
i2,Sampled Simulation of Multi-Threaded Applications,https://doi.org/10.1109/ISPASS.2013.6557141,https://biblio.ugent.be/publication/4092576,Cited/analyzed only; no paper bytes redistributed; copyright remains with the rightsholder unless the source page states an open license.,2026-09-15,Research paper; calibration quota influential-or-award,"Web primary-source, institutional repository, publisher, or author-posted full text; read in the research environment.","Literature calibration and, where relevance requires, manuscript citation; no executable internals modified or integrated.",Supports exact distinction between execution counters and complete state-space coverage; no direct theorem overlap.,Complete 11-page paper.,No
i3,Scheduling Heterogeneous Multi-Cores through Performance Impact Estimation (PIE),https://doi.org/10.1109/ISCA.2012.6237019,https://biblio.ugent.be/publication/3139136,Cited/analyzed only; no paper bytes redistributed; copyright remains with the rightsholder unless the source page states an open license.,2026-09-15,Research paper; calibration quota influential-or-award,"Web primary-source, institutional repository, publisher, or author-posted full text; read in the research environment.","Literature calibration and, where relevance requires, manuscript citation; no executable internals modified or integrated.",Chooses among cores using performance prediction; this project assumes the destination and placement are fixed.,Complete 12-page paper.,No
i4,Decoupled Vector Runahead,https://doi.org/10.1145/3613424.3614255,https://biblio.ugent.be/publication/01HMR8HPGNZS1RC118QA1GPBMG,Cited/analyzed only; no paper bytes redistributed; copyright remains with the rightsholder unless the source page states an open license.,2026-09-15,Research paper; calibration quota influential-or-award,"Web primary-source, institutional repository, publisher, or author-posted full text; read in the research environment.","Literature calibration and, where relevance requires, manuscript citation; no executable internals modified or integrated.",Calibrates outstanding architecture work: concrete mechanism plus broad performance evidence. This project intentionally makes a narrower theorem/certificate claim.,Complete 15-page paper.,No
i5,TEA: Time-Proportional Event Analysis,https://doi.org/10.1145/3579371.3589058,https://biblio.ugent.be/publication/01HQ0YNP8H62J9TATZGMPN60TR,Cited/analyzed only; no paper bytes redistributed; copyright remains with the rightsholder unless the source page states an open license.,2026-09-15,Research paper; calibration quota influential-or-award,"Web primary-source, institutional repository, publisher, or author-posted full text; read in the research environment.","Literature calibration and, where relevance requires, manuscript citation; no executable internals modified or integrated.",Directly reinforces that raw event counts cannot be presented as time. The baseline table is therefore explicitly structural.,Complete 13-page paper.,No
a1,Constructing Virtual Architectures on a Tiled Processor,https://doi.org/10.1109/CGO.2006.11,https://www.princeton.edu/~wentzlaf/documents/Wentzlaff.2006.CGO.Virtual_Architecture.pdf,Cited/analyzed only; no paper bytes redistributed; copyright remains with the rightsholder unless the source page states an open license.,2026-09-19,Research paper; calibration quota adjacent-venue,Full author-posted paper and Princeton/DBLP bibliographic records were checked; DOI 10.1109/CGO.2006.11 is used instead of the erroneous identifier in the supplied brief.,"Literature calibration and, where relevance requires, manuscript citation; no executable internals modified or integrated.","Provides lineage and homogeneous role assumption, but no heterogeneous compatibility theorem, capacity certificate, or inherited evidence.","Complete 12-page source, especially Section 2.3 and evaluation.",No
a2,ArMOR: Defending Against Memory Consistency Model Mismatches in Heterogeneous Architectures,https://doi.org/10.1145/2749469.2750378,https://check.cs.princeton.edu/papers/dlustig_ISCA15.pdf,Cited/analyzed only; no paper bytes redistributed; copyright remains with the rightsholder unless the source page states an open license.,2026-09-15,Research paper; calibration quota adjacent-venue,"Web primary-source, institutional repository, publisher, or author-posted full text; read in the research environment.","Literature calibration and, where relevance requires, manuscript citation; no executable internals modified or integrated.",Already establishes compatibility beyond opcode sets and missing-order repair. This project fixes the destination and drains source events instead of synthesizing shims.,"Complete 12-page paper, especially Sections 4.2 and 5.2-5.3.",No
a3,Execution Migration in a Heterogeneous-ISA Chip Multiprocessor,https://doi.org/10.1145/2150976.2151004,https://www.cs.virginia.edu/venkat/papers/asplos2012.pdf,Cited/analyzed only; no paper bytes redistributed; copyright remains with the rightsholder unless the source page states an open license.,2026-09-15,Research paper; calibration quota adjacent-venue,"Web primary-source, institutional repository, publisher, or author-posted full text; read in the research environment.","Literature calibration and, where relevance requires, manuscript citation; no executable internals modified or integrated.",Solves concrete state/execution transfer; it does not characterize least residual FIFO drains across capacities.,Complete 12-page paper.,No
a4,DynaMOS: Dynamic Schedule Migration for Heterogeneous Cores,https://doi.org/10.1145/2830772.2830791,https://homes.luddy.indiana.edu/lukefahr/papers/padmanabha2015dynamos.pdf,Cited/analyzed only; no paper bytes redistributed; copyright remains with the rightsholder unless the source page states an open license.,2026-09-15,Research paper; calibration quota adjacent-venue,"Web primary-source, institutional repository, publisher, or author-posted full text; read in the research environment.","Literature calibration and, where relevance requires, manuscript citation; no executable internals modified or integrated.",Migrates learned execution schedules and changes execution machinery; this project treats lane order as a fixed declared contract.,Complete paper including mechanism and evaluation.,No
a5,Virtual Instruction Set Computing for Heterogeneous Systems,https://www.usenix.org/conference/hotpar12/virtual-instruction-set-computing-heterogeneous-systems,https://www.usenix.org/conference/hotpar12/virtual-instruction-set-computing-heterogeneous-systems,Cited/analyzed only; no paper bytes redistributed; copyright remains with the rightsholder unless the source page states an open license.,2026-09-15,Research paper; calibration quota adjacent-venue,"Web primary-source, institutional repository, publisher, or author-posted full text; read in the research environment.","Literature calibration and, where relevance requires, manuscript citation; no executable internals modified or integrated.",Abstracts heterogeneity at a higher interface. The drain theorem is a low-level fixed-destination contract and does not claim a portable V-ISA.,Complete 8-page workshop paper.,No
streit2025,"Constrained Cuts, Flows, and Lattice-Linearity",https://doi.org/10.48550/arXiv.2512.18141,https://arxiv.org/html/2512.18141,CC BY 4.0 stated for preprint,2026-09-19,Research preprint,"Web/official source inspection; no credentials, private data, or external scientific execution.",Citation/workflow evidence only; no external executable internals modified.,Generic lattice-linear and forbidden-coordinate reasoning is prior art.,Definitions and constrained-cut/forbidden-advancement passages; full text inspected.,No
mavrogeorgis2025,A Magnified View into Heterogeneous-ISA Thread Migration Performance without State Transformation,https://doi.org/10.48550/arXiv.2512.24530,https://arxiv.org/html/2512.24530v2,Cited/analyzed only,2026-09-19,Research preprint,"Web/official source inspection; no credentials, private data, or external scientific execution.",Citation/workflow evidence only; no external executable internals modified.,Uniform ABI/stack-layout mechanisms are broader than the finite state gate.,"Version 1 (December 31, 2025) and version 2 (January 2, 2026) metadata and complete revision inspected.",No
lee2026,Formal Verification of an Out-of-Order Multiprocessor against an In-Order Weak-Memory ISA,https://doi.org/10.48550/arXiv.2607.18727,https://arxiv.org/html/2607.18727,Cited/analyzed only,2026-09-19,Research preprint,"Web/official source inspection; no credentials, private data, or external scientific execution.",Citation/workflow evidence only; no external executable internals modified.,Mechanized weak-memory refinement is broader and stronger assurance than this written induction.,Complete preprint and mechanization scope inspected.,No
taco-rules,TACO author guidelines,https://dl.acm.org/journal/taco/author-guidelines,https://dl.acm.org/journal/taco/author-guidelines,Official workflow page; not republished,2026-09-19,Publisher rules,Automated direct retrieval was retried on 2026-09-19 and remained blocked; the stored page contract therefore remains an external-use hold requiring accountable human recheck.,Citation/workflow evidence only; no external executable internals modified.,Stored page/anonymity/supplement contract remains an external-use hold because direct final retrieval returned HTTP 403.,Direct retrieval retried 2026-09-19; inaccessible with HTTP 403; no claim of complete live-rule verification.,No
acm-submission,ACM author submissions guidance,https://www.acm.org/publications/authors/submissions,https://www.acm.org/publications/authors/submissions,Official workflow page; not republished,2026-09-19,Publisher rules,Automated direct retrieval was retried on 2026-09-19 and remained blocked; current associated ACM pages and the attached template were checked instead.,Citation/workflow evidence only; no external executable internals modified.,Official template family and author workflow.,Direct page retrieval attempted; current associated ACM pages and CTAN template metadata checked.,No
acm-ai-policy,Current ACM authorship/AI-use policy,https://www.acm.org/publications/policies/new-acm-policy-on-authorship,https://www.acm.org/publications/policies/new-acm-policy-on-authorship,Official policy page; not republished,2026-09-19,Publisher policy,Central page retrieval remained blocked; current ACM-associated 2026/2027 pages carrying the policy wording were cross-checked on 2026-09-19.,Citation/workflow evidence only; no external executable internals modified.,Research-conduct AI use must be described in Methods; writing-only assistance no longer separately requires disclosure under the May 2026 central policy.,Direct central page retrieval blocked; current ACM-associated 2026 pages carrying the policy wording cross-checked.,No
acmart-production,ACM acmart production package 2.20,https://ctan.org/pkg/acmart,https://mirrors.ctan.org/macros/latex/contrib/acmart.zip,LPPL 1.3,2026-09-19,Typesetting asset,Attached template class inspected; CTAN catalogue and release announcement rechecked on 2026-09-19 for version 2.20 dated 2026-08-16.,Citation/workflow evidence only; no external executable internals modified.,Official class family/version used to compile the paper; not redistributed in the project.,CTAN package version 2.20 dated 2026-08-16 checked; supplied template class declaration matched.,No
