id,quota,recognition_basis,venue,year,title,authors,pages,doi,full_text_url,motivating_problem,general_principle,proof_or_performance_argument,practical_connection,evaluation_breadth,artifact_strength,narrative_sequence,section_pattern,bibliography_scale,figure_table_roles,delta_to_this_work,full_text_checked,checked_pages_or_sections,access_notes
T1,same-venue,TACO original research calibration,ACM TACO 23(1),2026,A Step toward Stateful HW-SW Migration: An Architecture-agnostic Checkpointing-rollback Toolchain,Maxime France-Pillois; Zihan Huang; Jiaxun Yang; Edson Horta; Binoy Ravindran; Antonio Barbalace,26,10.1145/3798281,https://doi.org/10.1145/3798281,Move stateful work between unlike hardware and software targets without losing live execution state.,Instrument a target-independent IR with explicit equivalence points and generate target-specific checkpoint/restore code.,Mechanism and recovery semantics are argued through compiler instrumentation and controlled output commits; evaluation measures toolchain behavior.,FPGA-to-CPU checkpoint and rollback with explicit restrictions on restorable call depth.,Multiple applications and target paths; compiler and runtime measurements.,Concrete toolchain and generated code; no artifact bytes redistributed here.,Migration problem -> IR equivalence mechanism -> implementation -> experiments -> limitations.,Introduction; background; design; implementation; evaluation; related work; conclusion.,Broad migration/checkpointing context.,Pipeline and checkpoint placement diagrams; evaluation tables/plots.,Supplies concrete state-equivalence machinery that this project assumes. It does not characterize least pending-work drains under fixed FIFO capacities.,YES,"Complete 26-page text; architecture, Sections 4.1-4.2, figures, evaluation, limitations.",Author-posted/publisher-indexed full text inspected; DOI metadata cross-checked.
T2,same-venue,TACO original research calibration,ACM TACO 13(3),2016,Maximizing Heterogeneous Processor Performance under Power Constraints,Almutaz Adileh; Stijn Eyerman; Aamer Jaleel; Lieven Eeckhout,23,10.1145/2976739,https://users.elis.ugent.be/~leeckhou/papers/taco16-mutaz.pdf,Schedule and configure heterogeneous cores across a power range.,"Jointly reason about workload mapping, DVFS, and power-performance tradeoffs.",Analytical/empirical performance model is validated and used to search operating points.,Runtime power management for single-ISA heterogeneous processors.,"Multiple workloads, core types, power budgets, baselines, and sensitivity analyses.",Reproducible model description and broad data; no code integrated.,Power wall -> model -> policy -> evaluation -> implications.,Motivation; modeling; optimization; methodology; results; related work.,Broad heterogeneous scheduling and power management.,Design-space plots and policy comparisons drive the argument.,Shows that real objectives couple time and power; supports the warning that set inclusion/event counts are not migration latency or energy.,YES,Complete 23-page paper including methodology and evaluation.,Author-posted PDF inspected.
T3,same-venue,TACO original research calibration,ACM TACO 15(3),2018,CODA: Enabling Co-location of Computation and Data for Multiple GPU Systems,Hyojong Kim; Ramyad Hadidi; Lifeng Nai; Hyesoon Kim; Nuwan Jayasena; Yasuko Eckert; Onur Kayiran; Gabriel H. Loh,23,10.1145/3232521,https://ramyadhadidi.github.io/files/coda-taco18.pdf,Reduce data movement and locality loss in multi-GPU systems.,Co-locate computation with the data it uses through runtime and memory-placement coordination.,Architectural mechanism is compared experimentally against multi-GPU baselines.,GPU task/data placement and memory-system behavior.,"Workload suite, multiple system configurations, traffic/performance breakdowns, sensitivity.",Detailed simulator methodology and parameters; no implementation imported.,Data-locality problem -> CODA mechanism -> implementation -> evaluation -> sensitivity.,Background; motivation; design; methodology; results; related work.,Broad GPU locality and multi-accelerator literature.,System diagrams explain placement; plots quantify locality and scaling.,Demonstrates the venue expectation for mechanism-to-system evidence. It does not analyze source-drain leastness or fixed FIFO certificates.,YES,"Complete 23-page paper; design, methodology, figures, evaluation.",Author-hosted PDF inspected.
T4,same-venue,TACO original research calibration,ACM TACO 9(4),2013,Understanding Fundamental Design Choices in Single-ISA Heterogeneous Multicore Architectures,Kenzo Van Craeynest; Lieven Eeckhout,23,10.1145/2400682.2400691,https://users.elis.ugent.be/~leeckhou/papers/taco13_2.pdf,Understand throughput and per-program effects of single-ISA heterogeneity.,"Use analytical modeling to separate core, cache, and bandwidth design choices.",Model-driven design-space exploration with validation and quantitative tradeoffs.,Heterogeneous multicore sizing and workload mapping.,"Large design spaces, multiple workloads and metrics, sensitivity to core/cache/bandwidth.",Model and assumptions are explicit; no code integrated.,Heterogeneity questions -> analytical model -> validation -> design insights.,Motivation; model; methodology; exploration; implications; related work.,Broad heterogeneity/design-space context.,Tradeoff plots expose causal design choices.,"Addresses architectural selection/performance, not the pending-work cut for a destination already selected.",YES,"Complete 23-page paper including model, validation, figures, conclusion.",Author-posted PDF inspected.
T5,same-venue,TACO original research calibration,ACM TACO 13(2),2016,MInGLE: An Efficient Framework for Domain Acceleration Using Low-Power Specialized Functional Units,Cecilia González-Álvarez; Jennifer B. Sartor; Carlos Álvarez; Daniel Jiménez-González; Lieven Eeckhout,26,10.1145/2898356,https://users.elis.ugent.be/~leeckhou/papers/taco16-cecilia.pdf,Reuse specialized hardware across related applications without per-application accelerators.,Mine and cluster similar computation sequences into domain-level custom instructions.,Search framework and hardware estimates are evaluated on media applications.,Low-power specialized functional units and design-time generation.,"Eleven applications, design-space costs, utilization, EDP and performance.",Algorithm and implementation pipeline described; no source integrated.,Utilization wall -> reuse opportunity -> mining framework -> hardware evaluation.,Motivation; framework; implementation; methodology; results; related work.,Broad specialization/custom-instruction literature.,Pipeline diagrams and Pareto-style result plots.,Shows venue-level system evidence for capability mechanisms. This work instead fixes capabilities and proves a cut property.,YES,Complete 26-page paper including figures and evaluation.,Author-posted PDF inspected.
T6,same-venue,TACO original research calibration,ACM TACO 11(2),2014,Performance Portability Across Heterogeneous SoCs Using a Generalized Library-Based Approach,Shuangde Fang; Zidong Du; Yuntan Fang; Yuanjie Huang; Yang Chen; Lieven Eeckhout; Olivier Temam; Huawei Li; Yunji Chen; Chengyong Wu,25,10.1145/2608253,https://users.elis.ugent.be/~leeckhou/papers/taco2015-fang.pdf,Let nonexpert programmers use heterogeneous accelerators without rewriting each application.,Wrap libraries with semantic metadata and choose accelerators/parameters at runtime.,Runtime selection and tuning are assessed on real and simulated SoCs.,Library-centric programming and accelerator selection.,"Real CPU/GPU SoC plus simulated approximate accelerators, overhead and quality constraints.",Concrete runtime framework; no code integrated.,Programming barrier -> component abstraction -> selection algorithm -> experiments.,Motivation; framework; runtime; methodology; results; related work.,Broad heterogeneous programming/approximation context.,Framework/dataflow figures and multi-objective evaluation plots.,Abstracts accelerator choice and parameters; the drain theorem assumes those choices are fixed and does not promise performance portability.,YES,Complete 25-page paper.,Author-posted PDF inspected.
T7,same-venue,TACO original research calibration,ACM TACO 11(3),2014,An Evaluation of High-Level Mechanistic Core Models,Trevor E. Carlson; Wim Heirman; Stijn Eyerman; Ibrahim Hur; Lieven Eeckhout,25,10.1145/2629677,https://users.elis.ugent.be/~leeckhou/papers/taco2014-carlson.pdf,Obtain useful multicore simulation speed without misleading core abstractions.,Model mechanisms at a level between one-IPC abstraction and cycle-accurate simulation.,Models are validated against hardware and detailed simulation.,Fast architecture exploration and memory-system studies.,"Several models, hardware validation, accuracy/speed tradeoffs, case studies.",Sniper-related mechanistic model description and parameters; no code integrated.,Simulation gap -> model variants -> validation -> consequences for studies.,Background; models; methodology; validation; case studies; related work.,Broad simulation/modeling literature.,Error/speed plots and mechanism diagrams establish fidelity.,Calibrates how bounded models must separate exact mathematical claims from hardware prediction; this project makes no processor-performance model.,YES,Complete article including validation and conclusion.,Author-posted PDF inspected.
T8,same-venue,TACO original research calibration,ACM TACO 19(2),2022,"The Forward Slice Core: A High-Performance, Yet Low-Complexity Microarchitecture",Kartik Lakshminarasimhan; Ajeya Naithani; Josué Feliu; Lieven Eeckhout,25,10.1145/3499424,https://users.elis.ugent.be/~leeckhou/papers/taco2022-FSC.pdf,Approach out-of-order performance with lower scheduling complexity.,Execute selected backward slices separately while retaining a simpler main pipeline.,Microarchitectural design is evaluated against in-order/out-of-order and slice-based baselines.,Implementable processor core organization.,"Benchmark suites, hardware costs, performance/energy, sensitivity and ablations.",Detailed simulator configuration and design; no code integrated.,Core complexity gap -> mechanism -> implementation -> broad evaluation.,Motivation; background; architecture; methodology; evaluation; related work.,Broad OoO/slice/runahead context.,Pipeline figures and performance/cost plots.,Illustrates the venue bar for concrete microarchitecture claims; this paper retains a narrower formal contract and explicitly excludes performance claims.,YES,Complete 25-page paper.,Published/author PDF inspected.
T9,same-venue,TACO original research calibration,ACM TACO 11(4),2015,Mechanistic Analytical Modeling of Superscalar In-Order Processor Performance,Maximilien Breughe; Stijn Eyerman; Lieven Eeckhout,26,10.1145/2678277,https://users.elis.ugent.be/~leeckhou/papers/taco2015-breughe.pdf,Predict in-order performance without repeated slow detailed simulation.,"Build an analytical model from stalls, dependencies, and pipeline mechanisms.","Prediction error is validated against gem5 and ARM hardware, then used in case studies.",Design-space and compiler interaction analysis.,"Benchmarks, simulator and hardware validation, three application cases.",Explicit model equations/assumptions; no code integrated.,Prediction need -> mechanism model -> validation -> uses.,Model; methodology; validation; case studies; related work.,Broad performance modeling context.,Model diagrams and measured/predicted comparisons.,Supports clear separation of structural checker cost from hardware timing; no shared theorem.,YES,Complete 26-page article.,Author-posted PDF inspected.
T10,same-venue,TACO original research calibration,ACM TACO 4(3),2007,Cross-Component Energy Management: Joint Adaptation of Processor and Memory,Xiaodong Li; Ritu Gupta; Sarita V. Adve; Yuanyuan Zhou,31,10.1145/1275937.1275938,https://rsim.cs.illinois.edu/Pubs/07TACO.pdf,Coordinate adaptations in interacting processor and memory components.,Require composable performance guarantees and allocate slowdown slack jointly.,Optimization argument plus experimental validation under performance constraints.,Cross-component power/energy control.,"Applications, component policies, energy, performance limits and sensitivity.",Algorithms and experimental configuration documented; no code integrated.,Independent controls fail -> composability conditions -> joint algorithm -> results.,Motivation; properties; algorithm; methodology; evaluation; related work.,Broad energy/adaptation context.,Energy/performance tradeoff plots and algorithm tables.,Reinforces that real objective composition needs measured component behavior; least drains only optimize inclusion-monotone set costs.,YES,Complete article including algorithm and evaluation.,Author-posted PDF inspected.
T11,same-venue,TACO original research calibration,ACM TACO 19(3),2022,A Case for Fine-grain Coherence Specialization in Heterogeneous Systems,Johnathan Alsop; Weon Taek Na; Matthew D. Sinclair; Samuel Grayson; Sarita V. Adve,26,10.1145/3530819,https://hdl.handle.net/1721.1/146376,Let heterogeneous agents specialize coherence behavior without separate address spaces and DMA orchestration.,Build per-request specialization on a flexible coherence interface.,Protocol/mechanism argument plus workload experiments on traffic and execution time.,Accelerator coherence and unified memory.,"Several heterogeneous workloads, optimizations, traffic/time, and sensitivity.",Final published PDF under CC BY 4.0; no protocol code integrated.,Coherence rigidity -> specialization interface -> optimizations -> experiments.,Motivation; background; mechanism; methodology; evaluation; related work.,Broad heterogeneous coherence context.,Protocol diagrams and per-workload result plots.,Changes destination coherence mechanisms; this project instead freezes destination FIFO semantics and chooses a source cut.,YES,Complete 26-page final paper.,MIT final published version inspected; CC BY 4.0 metadata recorded.
T12,same-venue,TACO original research calibration,ACM TACO 20(4),2023,Characterizing Multi-Chip GPU Data Sharing,Shiqing Zhang; Mahmood Naderan-Tahan; Magnus Jahre; Lieven Eeckhout,25,10.1145/3629521,https://biblio.ugent.be/publication/01HQ0ZA2ZTM7GQ6RTY4JA8Z0GB,Understand shared-data scaling and remote traffic in multi-chip GPUs.,"Characterize sharing structure before choosing cache, page, and scheduling policies.",Measurement/characterization across workloads and design sensitivities.,Multi-chip GPU cache organization and data placement.,"Multiple workloads, inputs, sharing types, scaling laws, and policy sensitivities.",Accepted manuscript/full text and detailed methodology; no data integrated.,Bandwidth gap -> sharing taxonomy -> characterization -> design implications.,Background; methodology; characterization; sensitivities; implications; related work.,Broad GPU/memory/data-sharing context.,Scaling plots and design-sensitivity charts carry the findings.,A characterization paper can be venue-native when evidence is broad; the present paper instead makes an exact formal claim and avoids workload-generalization language.,YES,Complete 25-page accepted manuscript.,UGent open accepted manuscript inspected.
I1,influential-or-award,PACT 2011 Best Paper Award,PACT 2011,2011,DeNovo: Rethinking the Memory Hierarchy for Disciplined Parallelism,Byn Choi; Rakesh Komuravelli; Hyojin Sung; Robert Smolinski; Nima Honarmand; Sarita V. Adve; Vikram S. Adve; Nicholas P. Carter; Ching-Tsun Chou,12,10.1109/PACT.2011.21,https://doi.org/10.1109/PACT.2011.21,Use disciplined parallel software to simplify coherence and consistency.,Co-design programming discipline and a simpler extensible memory hierarchy.,"Protocol state-space comparison, model checking, and performance/traffic evaluation.",Manycore cache coherence.,"Protocol complexity, optimizations, benchmarks, traffic, performance and energy.",Model-checking and simulator evidence described; no assets integrated.,Software discipline opportunity -> architecture -> verification -> evaluation.,Motivation; model; protocol; verification; evaluation; implications.,Broad coherence/programming-model context.,Protocol diagrams and state/performance comparisons.,"Calibrates strong principle-plus-mechanism argumentation. It addresses coherence redesign, not least FIFO drain cuts.",YES,Complete 12-page paper.,Full paper and institutional award announcement checked.
I2,influential-or-award,ISPASS 2013 Best Paper Award,ISPASS 2013,2013,Sampled Simulation of Multi-Threaded Applications,Trevor E. Carlson; Wim Heirman; Lieven Eeckhout,11,10.1109/ISPASS.2013.6557141,https://biblio.ugent.be/publication/4092576,Sample multithreaded executions without destroying synchronization-dependent runtime accuracy.,Identify representative regions with metrics appropriate to parallel execution.,Sampling accuracy and simulation speed are compared against detailed runs.,Fast architecture simulation.,"Parallel applications, sampling configurations, runtime error and speed.",Method and simulator integration described; no code integrated.,Sampling failure mode -> method -> implementation -> accuracy/speed evaluation.,Motivation; sampling method; methodology; results; related work.,Focused simulation/sampling literature.,Region-selection diagrams and error/speed plots.,Supports exact distinction between execution counters and complete state-space coverage; no direct theorem overlap.,YES,Complete 11-page paper.,UGent full text and award metadata checked.
I3,influential-or-award,Selected in ISCA@50 25-Year Retrospective collection,ISCA 2012,2012,Scheduling Heterogeneous Multi-Cores through Performance Impact Estimation (PIE),Kenzo Van Craeynest; Aamer Jaleel; Lieven Eeckhout; Paolo Narvaez; Joel S. Emer,12,10.1109/ISCA.2012.6237019,https://biblio.ugent.be/publication/3139136,Map time-varying workloads to heterogeneous cores without exhaustive sampling.,"Estimate cross-core performance from CPI-stack, MLP, and ILP information.",Prediction and scheduling gains are evaluated against prior policies.,Runtime heterogeneous-core scheduling.,"Workload mixes, static/dynamic policies, prediction and system performance.",Hardware-support and policy details; no implementation integrated.,Scheduling challenge -> estimator -> dynamic policy -> evaluation.,Background; estimator; scheduler; methodology; results; related work.,Broad heterogeneous scheduling context.,Estimator diagrams and comparative performance plots.,Chooses among cores using performance prediction; this project assumes the destination and placement are fixed.,YES,Complete 12-page paper.,Full text and retrospective recognition page checked.
I4,influential-or-award,MICRO 2023 Best Paper Award and IEEE Micro Top Pick,MICRO 2023,2023,Decoupled Vector Runahead,Ajeya Naithani; Jaime Roelandts; Sam Ainsworth; Timothy M. Jones; Lieven Eeckhout,15,10.1145/3613424.3614255,https://biblio.ugent.be/publication/01HMR8HPGNZS1RC118QA1GPBMG,Prefetch indirect memory chains beyond the main out-of-order window.,Run a lightweight speculative vectorized subthread decoupled from the main thread.,Detailed design and broad benchmark comparisons establish benefit and cost.,In-core prefetching microarchitecture.,"Graph, database and HPC workloads, multiple baselines, costs, sensitivities.",Full paper and hardware-cost accounting; no code integrated.,Indirect-memory bottleneck -> mechanism -> implementation -> broad evaluation.,Motivation; design; implementation; methodology; evaluation; related work.,Broad prefetch/runahead/vectorization context.,Pipeline/timeline diagrams and performance/cost plots.,Calibrates outstanding architecture work: concrete mechanism plus broad performance evidence. This project intentionally makes a narrower theorem/certificate claim.,YES,Complete 15-page paper.,UGent full text and recognition records checked.
I5,influential-or-award,ISCA 2023 Best Paper Nominee and IEEE Micro Top Pick,ISCA 2023,2023,TEA: Time-Proportional Event Analysis,Björn Gottschall; Lieven Eeckhout; Magnus Jahre,13,10.1145/3579371.3589058,https://biblio.ugent.be/publication/01HQ0YNP8H62J9TATZGMPN60TR,Attribute performance events proportionally to execution time rather than misleading raw counts.,Convert event observations into time-proportional analysis.,Accuracy is validated and used to find actionable bottlenecks.,Hardware performance-counter interpretation and optimization.,"Benchmarks, accuracy comparisons, and two optimization case studies.",Open published full text; no software integrated.,Counter interpretation problem -> TEA -> validation -> optimization cases.,Motivation; method; methodology; results; case studies; related work.,Focused performance-analysis context.,Attribution plots and case-study before/after results.,Directly reinforces that raw event counts cannot be presented as time. The baseline table is therefore explicitly structural.,YES,Complete 13-page paper.,Open full text and recognition metadata checked.
A1,adjacent-venue,Scholarly ancestor named in project brief,CGO 2006,2006,Constructing Virtual Architectures on a Tiled Processor,David Wentzlaff; Anant Agarwal,12,10.1109/CGO.2006.11,https://www.princeton.edu/~wentzlaf/documents/Wentzlaff.2006.CGO.Virtual_Architecture.pdf,Implement conventional virtual architectures over a tiled Raw processor.,Use software translation and spatially allocated virtual roles over homogeneous tiles.,Prototype design and real Raw-hardware evaluation.,Software x86 emulation and tiled resource reallocation.,"Mechanism, prototype workloads, hardware performance and resource tradeoffs.",Concrete implementation; no code inherited.,Virtual architecture idea -> role mapping -> prototype -> hardware results.,Motivation; design; implementation; evaluation; related work.,Broad virtualization/tiled architecture context.,Virtual-role layout diagrams and performance tables.,"Provides lineage and homogeneous role assumption, but no heterogeneous compatibility theorem, capacity certificate, or inherited evidence.",YES,"Complete 12-page source, especially Section 2.3 and evaluation.",Author-hosted PDF inspected.
A2,adjacent-venue,Closest ordering-mechanism work,ISCA 2015,2015,ArMOR: Defending Against Memory Consistency Model Mismatches in Heterogeneous Architectures,Daniel Lustig; Caroline Trippel; Michael Pellauer; Margaret Martonosi,12,10.1145/2749469.2750378,https://check.cs.princeton.edu/papers/dlustig_ISCA15.pdf,Make components with different memory-consistency guarantees interoperate safely.,Specify missing ordering requirements and synthesize stateful ordering shims.,Formal/model reasoning and experimental shim evaluation.,Heterogeneous memory ordering.,"Models, mismatch cases, generated shims and performance effects.",Concrete specification/synthesis system; no code integrated.,Mismatch problem -> specification -> shim generation -> evaluation.,Background; model; design; implementation; evaluation; related work.,Broad consistency/heterogeneity context.,Ordering-state diagrams and evaluation plots.,Already establishes compatibility beyond opcode sets and missing-order repair. This project fixes the destination and drains source events instead of synthesizing shims.,YES,"Complete 12-page paper, especially Sections 4.2 and 5.2-5.3.",Author-hosted PDF inspected.
A3,adjacent-venue,Closest heterogeneous-ISA migration work,ASPLOS 2012,2012,Execution Migration in a Heterogeneous-ISA Chip Multiprocessor,Matthew DeVuyst; Ashish Venkat; Dean M. Tullsen,12,10.1145/2150976.2151004,https://www.cs.virginia.edu/venkat/papers/asplos2012.pdf,Move live threads between cores with different ISAs.,"Use common data representation, stack transformation and binary translation.",Implemented migration path and performance experiments.,Heterogeneous-ISA CMP thread migration.,"Applications, migration overhead, heterogeneous mappings and sensitivity.",Concrete compiler/runtime mechanisms; no code integrated.,Heterogeneous opportunity -> state/stack mechanisms -> implementation -> evaluation.,Motivation; design; compiler/runtime; methodology; results.,Broad migration/binary-translation context.,State-layout diagrams and overhead/performance plots.,Solves concrete state/execution transfer; it does not characterize least residual FIFO drains across capacities.,YES,Complete 12-page paper.,Author-hosted PDF inspected.
A4,adjacent-venue,Closest microarchitectural schedule-migration work,MICRO 2015,2015,DynaMOS: Dynamic Schedule Migration for Heterogeneous Cores,Shruti Padmanabha; Andrew Lukefahr; Reetuparna Das; Scott Mahlke,11,10.1145/2830772.2830791,https://homes.luddy.indiana.edu/lukefahr/papers/padmanabha2015dynamos.pdf,Transfer useful out-of-order schedules to simpler heterogeneous cores.,Learn dynamic schedules on a complex core and migrate them to an in-order core.,Microarchitecture and performance/cost evaluation.,Heterogeneous core scheduling and complexity reduction.,"Benchmarks, baselines, schedule transfer, hardware costs and sensitivity.",Detailed architecture; no implementation integrated.,Core tradeoff -> schedule-transfer mechanism -> design -> evaluation.,Motivation; mechanism; implementation; methodology; results.,Broad heterogeneous core and scheduling context.,Pipeline and schedule-flow diagrams; performance/cost plots.,Migrates learned execution schedules and changes execution machinery; this project treats lane order as a fixed declared contract.,YES,Complete paper including mechanism and evaluation.,Author-hosted PDF inspected.
A5,adjacent-venue,Adjacent virtual-ISA heterogeneity formulation,HotPar 2012,2012,Virtual Instruction Set Computing for Heterogeneous Systems,Vikram Adve; Sarita Adve; Rakesh Komuravelli; Matthew D. Sinclair; Prakalp Srivastava,8,N/A (workshop page; no DOI used),https://www.usenix.org/conference/hotpar12/virtual-instruction-set-computing-heterogeneous-systems,"Make heterogeneous parallel systems programmable across diverse ISAs, memories and parallel models.",Introduce a language-neutral virtual instruction set that abstracts hardware diversity.,Position/design argument illustrated with examples and research challenges.,Portable compiler/runtime interface for heterogeneous systems.,Concept paper; illustrative examples rather than a full performance campaign.,Open workshop paper; no code integrated.,Three sources of heterogeneity -> virtual-ISA proposal -> example -> agenda.,Motivation; root causes; VISC design; example; challenges.,Focused heterogeneity/virtual-machine context.,Conceptual layers and example mappings.,Abstracts heterogeneity at a higher interface. The drain theorem is a low-level fixed-destination contract and does not claim a portable V-ISA.,YES,Complete 8-page workshop paper.,USENIX open full text inspected.
