bib_key,entry_type,title,year,venue,doi_or_stable_url,metadata_status,checked_date,cited_in,claim_role,verification_note
wentzlaff2006,inproceedings,Constructing Virtual Architectures on a Tiled Processor,2006,Proceedings of the 4th International Symposium on Code Generation and Optimization,https://doi.org/10.1109/CGO.2006.11,verified-primary-or-scholarly-record,2026-09-19,Introduction/Related Work,historical virtual-architecture lineage and homogeneous tiled-resource boundary,Princeton publication metadata and DBLP identify pages 173-184 and DOI 10.1109/CGO.2006.11; the different DOI recorded in the supplied brief is not used.
lustig2015,inproceedings,ArMOR: Defending Against Memory Consistency Model Mismatches in Heterogeneous Architectures,2015,Proceedings of the 42nd Annual International Symposium on Computer Architecture,https://doi.org/10.1145/2749469.2750378,verified-primary-or-scholarly-record,2026-09-19,Related Work,memory-order mismatch and stateful shim precedent,"Title, author list, year, venue, and DOI/stable record checked against the DOI resolver, publisher, proceedings, or institutional publication record."
streit2025,misc,"Constrained Cuts, Flows, and Lattice-Linearity",2025,arXiv preprint arXiv:2512.18141,https://doi.org/10.48550/arXiv.2512.18141,verified-primary-or-scholarly-record,2026-09-19,Leastness/Related Work,lattice-linear constrained-cut context; preprint status disclosed,arXiv preprint; not represented as peer-reviewed.
mavrogeorgis2025,misc,A Magnified View into Heterogeneous-ISA Thread Migration Performance without State Transformation,2025,arXiv preprint arXiv:2512.24530,https://doi.org/10.48550/arXiv.2512.24530,verified-primary-or-scholarly-record,2026-09-19,Introduction/Related Work,performance analysis of UNIFICO design; preprint status disclosed,arXiv v1 posted 2025-12-31; v2 posted 2026-01-02; bibliography uses first-publication year 2025.
lee2026,misc,Formal Verification of an Out-of-Order Multiprocessor against an In-Order Weak-Memory ISA,2026,arXiv preprint arXiv:2607.18727,https://doi.org/10.48550/arXiv.2607.18727,verified-primary-or-scholarly-record,2026-09-19,Composition/Related Work,mechanized weak-memory multiprocessor refinement; preprint status disclosed,arXiv preprint; not represented as peer-reviewed.
devuyst2012,inproceedings,Execution Migration in a Heterogeneous-ISA Chip Multiprocessor,2012,Proceedings of the Seventeenth International Conference on Architectural Support for Programming Languages and Operating Systems,https://doi.org/10.1145/2150976.2151004,verified-primary-or-scholarly-record,2026-09-19,Introduction/Related Work,heterogeneous-ISA execution migration and concrete state conversion,"Title, author list, year, venue, and DOI/stable record checked against the DOI resolver, publisher, proceedings, or institutional publication record."
padmanabha2015,inproceedings,DynaMOS: Dynamic Schedule Migration for Heterogeneous Cores,2015,Proceedings of the 48th Annual IEEE/ACM International Symposium on Microarchitecture,https://doi.org/10.1145/2830772.2830791,verified-primary-or-scholarly-record,2026-09-19,Introduction/Related Work,dynamic schedule migration across heterogeneous cores,"Title, author list, year, venue, and DOI/stable record checked against the DOI resolver, publisher, proceedings, or institutional publication record."
adileh2016,article,Maximizing Heterogeneous Processor Performance under Power Constraints,2016,ACM Transactions on Architecture and Code Optimization,https://doi.org/10.1145/2976739,verified-primary-or-scholarly-record,2026-09-19,Introduction/Related Work,system-level performance/power objective boundary,"Title, author list, year, venue, and DOI/stable record checked against the DOI resolver, publisher, proceedings, or institutional publication record."
francepillois2026,article,A Step toward Stateful HW-SW Migration: An Architecture-Agnostic Checkpointing-Rollback Toolchain,2026,ACM Transactions on Architecture and Code Optimization,https://doi.org/10.1145/3798281,verified-primary-or-scholarly-record,2026-09-19,Introduction/Related Work,stateful FPGA-to-CPU equivalence points and checkpoint/rollback,"The published PDF and an independent Virginia Tech publication record identify DOI 10.1145/3798281, volume 23(1), Article 30, 26 pages. A truncated institutional-index DOI was rejected because it collides with another ACM record."
vancraeynest2013,article,Understanding Fundamental Design Choices in Single-ISA Heterogeneous Multicore Architectures,2013,ACM Transactions on Architecture and Code Optimization,https://doi.org/10.1145/2400682.2400691,verified-primary-or-scholarly-record,2026-09-19,Introduction/Related Work,single-ISA heterogeneity design/performance choices,"Title, author list, year, venue, and DOI/stable record checked against the DOI resolver, publisher, proceedings, or institutional publication record."
adve2012,inproceedings,Virtual Instruction Set Computing for Heterogeneous Systems,2012,4th USENIX Workshop on Hot Topics in Parallelism,https://www.usenix.org/conference/hotpar12/virtual-instruction-set-computing-heterogeneous-systems,verified-primary-or-scholarly-record,2026-09-19,Introduction/Related Work,virtual-ISA abstraction for heterogeneous systems,No DOI used; title/authors/year verified against official USENIX record.
alsop2022,article,A Case for Fine-Grain Coherence Specialization in Heterogeneous Systems,2022,ACM Transactions on Architecture and Code Optimization,https://doi.org/10.1145/3530819,verified-primary-or-scholarly-record,2026-09-19,Introduction/Related Work,fine-grain coherence specialization,"Title, author list, year, venue, and DOI/stable record checked against the DOI resolver, publisher, proceedings, or institutional publication record."
barbalace2015popcorn,inproceedings,Popcorn: Bridging the Programmability Gap in Heterogeneous-ISA Platforms,2015,Proceedings of the Tenth European Conference on Computer Systems,https://doi.org/10.1145/2741948.2741962,verified-primary-or-scholarly-record,2026-09-19,Introduction/Related Work,compiler/runtime support for heterogeneous-ISA execution,"Title, author list, year, venue, and DOI/stable record checked against the DOI resolver, publisher, proceedings, or institutional publication record."
mavrogeorgis2024unifico,inproceedings,UNIFICO: Thread Migration in Heterogeneous-ISA CPUs without State Transformation,2024,Proceedings of the 33rd ACM SIGPLAN International Conference on Compiler Construction,https://doi.org/10.1145/3640537.3641565,verified-primary-or-scholarly-record,2026-09-19,Introduction/Related Work,compatible stack/ABI design for migration without state transformation,"Title, author list, year, venue, and DOI/stable record checked against the DOI resolver, publisher, proceedings, or institutional publication record."
horta2021xartrek,inproceedings,Xar-Trek: Run-Time Execution Migration among FPGAs and Heterogeneous-ISA CPUs,2021,Proceedings of the 22nd International Middleware Conference,https://doi.org/10.1145/3464298.3493388,verified-primary-or-scholarly-record,2026-09-19,Introduction/Related Work,FPGA/heterogeneous-ISA run-time migration mechanism,"Title, author list, year, venue, and DOI/stable record checked against the DOI resolver, publisher, proceedings, or institutional publication record."
clark2005live,inproceedings,Live Migration of Virtual Machines,2005,2nd Symposium on Networked Systems Design and Implementation,https://www.usenix.org/conference/nsdi-05/live-migration-virtual-machines,verified-primary-or-scholarly-record,2026-09-19,Introduction/Related Work,VM live-migration state-transfer precedent,No DOI used; title/authors/year verified against official USENIX record; pages cross-checked in bibliographic records.
yang2024wharf,misc,Transparent and Efficient Live Migration across Heterogeneous Hosts with Wharf,2024,arXiv preprint arXiv:2410.15894,https://doi.org/10.48550/arXiv.2410.15894,verified-primary-or-scholarly-record,2026-09-19,Introduction/Related Work,heterogeneous-host Wasm/WASI migration; preprint status disclosed,arXiv preprint; not represented as peer-reviewed.
tinto2025wasm,article,Live Migration of Compiled Wasm Modules across the Compute Continuum,2025,Journal of Systems Architecture,https://doi.org/10.1016/j.sysarc.2025.103532,verified-primary-or-scholarly-record,2026-09-19,Introduction/Related Work,compiled-Wasm checkpoint/restore across the compute continuum,"Title, author list, year, venue, and DOI/stable record checked against the DOI resolver, publisher, proceedings, or institutional publication record."
lamport1978,article,"Time, Clocks, and the Ordering of Events in a Distributed System",1978,Communications of the ACM,https://doi.org/10.1145/359545.359563,verified-primary-or-scholarly-record,2026-09-19,Model/Related Work,event-order semantics background,"Title, author list, year, venue, and DOI/stable record checked against the DOI resolver, publisher, proceedings, or institutional publication record."
kahn1974,inproceedings,The Semantics of a Simple Language for Parallel Programming,1974,Information Processing 74: Proceedings of the IFIP Congress,https://dblp.org/rec/conf/ifip/Kahn74,verified-primary-or-scholarly-record,2026-09-19,Model/Related Work,deterministic process/FIFO semantic background,No DOI assigned in DBLP record; venue/pages verified against DBLP.
lee1987sdf,article,Synchronous Data Flow,1987,Proceedings of the IEEE,https://doi.org/10.1109/PROC.1987.13876,verified-primary-or-scholarly-record,2026-09-19,Model/Related Work,finite FIFO/dataflow semantic background,"Title, author list, year, venue, and DOI/stable record checked against the DOI resolver, publisher, proceedings, or institutional publication record."
picard1976,article,Maximal Closure of a Graph and Applications to Combinatorial Problems,1976,Management Science,https://doi.org/10.1287/mnsc.22.11.1268,verified-primary-or-scholarly-record,2026-09-19,Leastness/Related Work,maximum-closure optimization precedent,"Title, author list, year, venue, and DOI/stable record checked against the DOI resolver, publisher, proceedings, or institutional publication record."
davey2002,book,Introduction to Lattices and Order,2002,Cambridge University Press,https://doi.org/10.1017/CBO9780511809088,verified-primary-or-scholarly-record,2026-09-19,Leastness/Related Work,order-ideal and distributive-lattice background,"Title, author list, year, venue, and DOI/stable record checked against the DOI resolver, publisher, proceedings, or institutional publication record."
garey1979,book,Computers and Intractability: A Guide to the Theory of NP-Completeness,1979,W. H. Freeman,https://lccn.loc.gov/78012361,verified-primary-or-scholarly-record,2026-09-19,Weighted-choice boundary,standard PARTITION NP-completeness source,Book metadata verified by ISBN/LCCN catalog records.
burch1994,inproceedings,Automatic Verification of Pipelined Microprocessor Control,1994,Computer Aided Verification,https://doi.org/10.1007/3-540-58179-0_44,verified-primary-or-scholarly-record,2026-09-19,Composition/Related Work,architectural correspondence for pipelined control,"Title, author list, year, venue, and DOI/stable record checked against the DOI resolver, publisher, proceedings, or institutional publication record."
lustig2014pipecheck,inproceedings,PipeCheck: Specifying and Verifying Microarchitectural Enforcement of Memory Consistency Models,2014,47th Annual IEEE/ACM International Symposium on Microarchitecture,https://doi.org/10.1109/MICRO.2014.38,verified-primary-or-scholarly-record,2026-09-19,Related Work,microarchitectural memory-model enforcement verification,"Title, author list, year, venue, and DOI/stable record checked against the DOI resolver, publisher, proceedings, or institutional publication record."
trippel2017tricheck,inproceedings,"TriCheck: Memory Model Verification at the Trisection of Software, Hardware, and ISA",2017,Proceedings of the Twenty-Second International Conference on Architectural Support for Programming Languages and Operating Systems,https://doi.org/10.1145/3037697.3037719,verified-primary-or-scholarly-record,2026-09-19,Related Work,software/ISA/hardware memory-model verification,"Title, author list, year, venue, and DOI/stable record checked against the DOI resolver, publisher, proceedings, or institutional publication record."
alglave2014herding,article,"Herding Cats: Modelling, Simulation, Testing, and Data Mining for Weak Memory",2014,ACM Transactions on Programming Languages and Systems,https://doi.org/10.1145/2627752,verified-primary-or-scholarly-record,2026-09-19,Related Work,weak-memory modeling and exhaustive testing,"Title, author list, year, venue, and DOI/stable record checked against the DOI resolver, publisher, proceedings, or institutional publication record."
alglave2012hierarchy,article,A Formal Hierarchy of Weak Memory Models,2012,Formal Methods in System Design,https://doi.org/10.1007/s10703-012-0161-5,verified-primary-or-scholarly-record,2026-09-19,Related Work,formal weak-memory hierarchy,"Title, author list, year, venue, and DOI/stable record checked against the DOI resolver, publisher, proceedings, or institutional publication record."
lustig2016coatcheck,inproceedings,COATCheck: Verifying Memory Ordering at the Hardware-OS Interface,2016,Proceedings of the Twenty-First International Conference on Architectural Support for Programming Languages and Operating Systems,https://doi.org/10.1145/2872362.2872399,verified-primary-or-scholarly-record,2026-09-19,Related Work,hardware/OS memory-order interface verification,"Title, author list, year, venue, and DOI/stable record checked against the DOI resolver, publisher, proceedings, or institutional publication record."
owens2009x86tso,inproceedings,A Better x86 Memory Model: x86-TSO,2009,Theorem Proving in Higher Order Logics,https://doi.org/10.1007/978-3-642-03359-9_27,verified-primary-or-scholarly-record,2026-09-19,Related Work,formal x86-TSO model,"Title, author list, year, venue, and DOI/stable record checked against the DOI resolver, publisher, proceedings, or institutional publication record."
abadi1991,article,The Existence of Refinement Mappings,1991,Theoretical Computer Science,https://doi.org/10.1016/0304-3975(91)90224-P,verified-primary-or-scholarly-record,2026-09-19,Composition/Related Work,refinement mappings,"Title, author list, year, venue, and DOI/stable record checked against the DOI resolver, publisher, proceedings, or institutional publication record."
lynch1995,article,Forward and Backward Simulations---Part I: Untimed Systems,1995,Information and Computation,https://doi.org/10.1006/inco.1995.1134,verified-primary-or-scholarly-record,2026-09-19,Composition/Related Work,forward/backward simulation,"Title, author list, year, venue, and DOI/stable record checked against the DOI resolver, publisher, proceedings, or institutional publication record."
choi2011denovo,inproceedings,DeNovo: Rethinking the Memory Hierarchy for Disciplined Parallelism,2011,2011 International Conference on Parallel Architectures and Compilation Techniques,https://doi.org/10.1109/PACT.2011.21,verified-primary-or-scholarly-record,2026-09-19,Introduction/Related Work,disciplined parallelism and coherence redesign,"Title, author list, year, venue, and DOI/stable record checked against the DOI resolver, publisher, proceedings, or institutional publication record."
vancraeynest2012pie,inproceedings,Scheduling Heterogeneous Multi-Cores through Performance Impact Estimation (PIE),2012,Proceedings of the 39th Annual International Symposium on Computer Architecture,https://doi.org/10.1109/ISCA.2012.6237019,verified-primary-or-scholarly-record,2026-09-19,Introduction/Related Work,performance-impact scheduling for heterogeneous multicore,"Title, author list, year, venue, and DOI/stable record checked against the DOI resolver, publisher, proceedings, or institutional publication record."
fang2014portability,article,Performance Portability across Heterogeneous SoCs Using a Generalized Library-Based Approach,2014,ACM Transactions on Architecture and Code Optimization,https://doi.org/10.1145/2608253,verified-primary-or-scholarly-record,2026-09-19,Introduction/Related Work,library-based performance portability across heterogeneous SoCs,"Title, author list, year, venue, and DOI/stable record checked against the DOI resolver, publisher, proceedings, or institutional publication record."
