n,density,lanes,repetition,drained,general_cpu_seconds,check_cpu_seconds,aligned_cpu_seconds
16,sparse,2,0,14,0.0,0.0,0.0
16,sparse,2,1,14,0.0,0.0,0.0
16,sparse,2,2,14,0.0,0.0,0.0
16,dense,8,0,15,0.0,0.0,0.0
16,dense,8,1,15,0.003993536999999936,0.0,0.0
16,dense,8,2,15,0.0,0.0,0.0
32,sparse,2,0,29,0.0,0.0,0.0
32,sparse,2,1,29,0.0,0.0,0.0
32,sparse,2,2,29,0.0,0.0,0.0
32,dense,8,0,31,0.003997049000000086,0.0,0.0
32,dense,8,1,31,0.0,0.0,0.0
32,dense,8,2,31,0.0,0.0,0.0
64,sparse,2,0,61,0.0,0.0,0.0
64,sparse,2,1,61,0.0039989069999999405,0.0,0.0
64,sparse,2,2,61,0.004000585000000001,0.0,0.0
64,dense,8,0,63,0.0039998700000001275,0.0,0.003999407999999871
64,dense,8,1,63,0.0,0.004001078000000158,0.0
64,dense,8,2,63,0.004001504999999961,0.0,0.0
128,sparse,2,0,125,0.007999984000000016,0.0040001560000000325,0.0
128,sparse,2,1,125,0.008000445999999828,0.0040001270000000755,0.0040005649999999005
128,sparse,2,2,125,0.0040001050000000316,0.004000043000000009,0.004000580000000031
128,dense,8,0,127,0.011991424000000084,0.003998903999999914,0.008000438000000054
128,dense,8,1,127,0.012001668999999993,0.003999085000000013,0.003999512000000038
128,dense,8,2,127,0.01200242100000004,0.0039990889999999,0.008000035000000016
256,sparse,2,0,255,0.01997658499999999,0.01599971999999994,0.01600373700000013
256,sparse,2,1,255,0.023999373999999962,0.0160006800000001,0.016000749999999897
256,sparse,2,2,255,0.02001725199999993,0.019978345000000175,0.015998384999999837
256,dense,8,0,256,0.02800161999999995,0.02400175300000007,0.02400106599999985
256,dense,8,1,256,0.02800118500000015,0.028002077999999875,0.024000844999999993
256,dense,8,2,256,0.03200140100000004,0.024000905999999933,0.024001918000000177
512,sparse,2,0,510,0.09199534499999995,0.07200385400000009,0.05995952499999979
512,sparse,2,1,510,0.09600379800000036,0.07200333699999995,0.05600283099999981
512,sparse,2,2,510,0.09200536900000023,0.07999789899999987,0.05599129000000014
512,dense,8,0,511,0.13214417299999992,0.11186284899999999,0.08799713699999989
512,dense,8,1,511,0.1599679580000002,0.12000325899999975,0.09198275000000011
512,dense,8,2,511,0.14399456999999982,0.12400290199999997,0.09199263300000027
